Workbook

Sheet Leggimi
B1: WORLDLOOM — Modello di bilanciamento «Scala dei Ruoli»
B3: Le statistiche nuove di tutte e 63 le Pedine, il perché di ogni cambio, e i controlli automatici per verificare qualunque modifica tu faccia in futuro.
B4: STATO: proposta. Nessun file di gioco è stato modificato. Le modifiche vanno fatte negli Excel dei mazzi e poi rigenerate con genera_cards_json.py — mai i cards.json a mano.
B6: IL PROBLEMA IN UNA RIGA
B7: Al Livello 3 la partita si inchioda: il 71% dei colpi fa zero danni e servono 4 turni per uccidere, contro 1,9 del Livello 1. Ma la causa non è che la Parata sia alta — è che i ruoli hanno smesso di essere diversi fra loro.
B9: LE QUATTRO ROTTURE, MISURATE
B10: 1 · I RUOLI COLLASSANO. Al Livello 1 l'aggressore mette il 79% del budget in Attacco e il tank il 51% in Vita. Al Livello 3 ogni ruolo mette fra il 56% e il 65% in Attacco: tank e aggressore sono la stessa carta con due nomi. Due ruoli su sei (evasivo e supporto) non esistono proprio.
B11: 2 · I BUDGET NON SONO UGUALI. Al Livello 1 l'aggressore ha 15,3 punti di budget e il tank 8,8: il 74% in meno. Ecco perché l'aggressore vince il 94% dei duelli e il tank il 19%. Non è solo COME spendono, è QUANTO hanno da spendere.
B12: 3 · IL MARGINE DI PENETRAZIONE VA SOTTO ZERO. Attacco del miglior aggressore meno Parata del miglior muro: +2 al Livello 2 (0,6% di stalli), +0 al Livello 1 (12,5%), −4 al Livello 3 (23,1%). Nessuna delle 49 Pedine di Livello 1 e 2 può superare la Parata di nessuna Pedina di Livello 3: 0 casi su 686.
B13: 4 · IL DADO STA SUL RUOLO SBAGLIATO. Al Livello 3 tutti e tre gli aggressori hanno il dado Colosso, il più DIFENSIVO del gioco (1 Spada, 3 Scudi, 3 Schivate), mentre i bilanciati hanno il Tessitore, il più offensivo. Al Livello 1 l'accoppiamento è invece corretto.
B15: COME LEGGERE QUESTO FILE
B16: Modello — i sei criteri con cui ho ricalcolato tutto, e la formula del budget.
... B33: Al Livello 1 il criterio C5 (attacchi distanziati) non è soddisfabile: 36 carte in una banda di Attacco da 3 a 12 si ammassano per forza. Vedi la nota sul pareggio mortale nel foglio Modello.

Sheet Modello
B1: I SEI CRITERI DEL MODELLO
B3: CRITERIO | C3: REGOLA E MOTIVO
B4: C1 · Budget uguale | C4: Ogni Pedina dello stesso livello ha lo stesso budget di punti, e il budget cresce come il prezzo in tributi. Punti = Attacco + Parata/4 + Vita/4 + 3 × (attacchi − 2) Livello 1 = 12 punti (1 tributo) · Livello 2 = 24 (2 tributi) · Livello 3 = 36 (3 tributi) PERCHÉ — oggi il budget del Livello 3 cresce ×3,7 mentre il prezzo cresce ×3: il livello alto è sottopagato in prezzo e strapagato in potenza, e infatti batte tre Pedine di Livello 1 nel 99,1% dei casi. I pesi /4 non sono inventati: vengono dal misurare quanto sale il tasso di vittoria per ogni punto di statistica in più.
B5: C2 · Margine di penetrazione | C5: La Parata massima di un livello non può superare l'Attacco dell'aggressore di quel livello meno 4. Tetti di Parata: Livello 1 = 8 · Livello 2 = 20 · Livello 3 = 26 PERCHÉ — se il miglior aggressore non buca il miglior muro, non esiste risposta a quel muro e la partita si ferma. È la correlazione più netta trovata: margine +2 → 0,6% di stalli · +0 → 12,5% · −4 → 23,1%. ATTENZIONE: sono tre punti soltanto. È una regola di progetto sensata, non un teorema.
B6: C3 · Gli attacchi definiscono il ruolo | C6: 1 attacco = muro (tank) · 2 attacchi = standard · 3 attacchi = evasivo PERCHÉ — misurato su ogni variante provata, a parità di budget lo stesso profilo difensivo con UN attacco vince il 15-46% dei duelli, con DUE attacchi il 59-82%. Non è la Parata a fare il muro, né la Vita: è il fatto che colpisce una volta sola. È l'interruttore fra muro e boss, ed è la scoperta più utile di tutta l'analisi.
B7: C4 · Il dado segue il ruolo | C7: Colosso S1 U3 C1 D3 → tank, difensore Assalitore S4 U1 C2 D1 → aggressore Effimeri S2 U1 C2 D3 → evasivo Viandante S2 U2 C2 D2 → supporto, bilanciato Tessitore S3 U1 C2 D2 → aggressore alternativo, bilanciato PERCHÉ — il difensore tira il PROPRIO dado, quindi l'archetipo decide quanto è duro ucciderlo: vale da solo 18 punti percentuali di sopravvivenza (contro un Colosso una sonda vince il 50,9%, contro tutti gli altri archetipi il 68-71%). Oggi al Livello 3 è invertito.
B8: C5 · Attacchi distanziati | C8: Nessun valore di Attacco ripetuto più di due volte per livello. PERCHÉ — quando due Pedine hanno lo STESSO Attacco, la faccia Spada scatta il «pareggio mortale» e muoiono entrambe. Il Re Antico contro Potere Divino (entrambi Attacco 24) finisce con la morte di tutti e due nel 78% dei duelli. Al Livello 3 ci sono quattro carte con Attacco 24. LIMITE: al Livello 1, con 36 carte in una banda da 3 a 12, il criterio non è soddisfabile con numeri interi.
B9: C6 · Tutti gli archetipi ovunque | C9: Ogni livello contiene tutti e cinque gli archetipi, nessuno oltre il 45%. PERCHÉ — con 10 Colossi su 14, e i quattro Tessitori tutti di ruolo «bilanciato» (che per regola forza il matchup a neutro), al Livello 3 la Ruota degli Archetipi non si attiva MAI: 100% di matchup neutri. È una regola intera del gioco spenta.
B11: UNA DECISIONE DI REGOLA CHE RESTA A TE
B12: Pareggio mortale | C12: Il «pareggio mortale» (Attacco uguale su Spada → muoiono entrambe) scatta SEMPRE negli specchi, cioè ogni volta che una carta affronta una sua copia. Con 2-3 copie per carta in un mazzo capita di continuo, e al Livello 1 il criterio C5 non basta a evitarlo. VALUTA se trasformarlo in «entrambe subiscono metà danno» invece della morte istantanea: dopo il modello resta l'unica fonte di doppi KO.

Sheet Griglia
A1: Liv | B1: Ruolo | C1: Att | D1: Par | E1: Vita | F1: Att/turno | G1: Budget | H1: Mestiere in partita | I1: Come si batte
A2: 1 | B2: aggressore | C2: 12 | D2: 1 | E2: 9 | F2: 2 | G2: =C2+D2/4+E2/4+3*(F2-2) | H2: Uccide in fretta, muore in fretta. Definisce il tetto di Parata del livello. | I2: Qualunque cosa sopravviva al primo turno: ha Parata e Vita minime.
A3: 1 | B3: evasivo | C3: 7 | D3: 2 | E3: 7 | F3: 3 | G3: =C3+D3/4+E3/4+3*(F3-2) | H3: Tre attacchi: logora. Il dado Effimeri ha 3 Schivate su 8. | I3: Un solo colpo pesante: ha la Vita più bassa del livello.
A4: 1 | B4: bilanciato | C4: 8 | D4: 5 | E4: 12 | F4: 2 | G4: =C4+D4/4+E4/4+3*(F4-2) | H4: Nessun punto debole, nessun picco. La truppa di manovra. | I4: L'aggressore: perde lo scambio secco.
A5: 1 | B5: supporto | C5: 6 | D5: 8 | E5: 14 | F5: 2 | G5: =C5+D5/4+E5/4+3*(F5-2) | H5: Regge la linea mentre i suoi effetti lavorano. | I5: L'aggressore, che gli buca la Parata 8 con Attacco 12.
A6: 1 | B6: difensore | C6: 5 | D6: 8 | E6: 14 | F6: 2 | G6: =C6+D6/4+E6/4+3*(F6-2) | H6: Protegge gli altri. Parata al tetto del livello. | I6: Solo l'aggressore sullo Scudo; gli altri devono passare dal Cuore.
A7: 1 | B7: tank | C7: 4 | D7: 8 | E7: 28 | F7: 1 | G7: =C7+D7/4+E7/4+3*(F7-2) | H7: IL MURO. Un attacco solo: assorbe, non uccide. | I7: Con pazienza, e con l'aggressore. Cade, ma costa turni.
A8: 2 | B8: aggressore | C8: 24 | D8: 3 | E8: 17 | F8: 2 | G8: =C8+D8/4+E8/4+3*(F8-2) | H8: Come al Livello 1, in scala. Definisce il tetto di Parata (20). | I8: Ha Parata 3: qualunque contrattacco lo ferisce.
A9: 2 | B9: evasivo | C9: 15 | D9: 4 | E9: 13 | F9: 3 | G9: =C9+D9/4+E9/4+3*(F9-2) | H9: Tre attacchi. Oggi al Livello 2 non esiste: due carte ci vengono spostate. | I9: Un colpo pesante: Vita 13 è la più bassa del livello.
A10: 2 | B10: bilanciato | C10: 16 | D10: 11 | E10: 23 | F10: 2 | G10: =C10+D10/4+E10/4+3*(F10-2) | H10: La truppa di manovra del Livello 2. | I10: L'aggressore.
A11: 2 | B11: supporto | C11: 13 | D11: 17 | E11: 28 | F11: 2 | G11: =C11+D11/4+E11/4+3*(F11-2) | H11: Oggi al Livello 2 non esiste: la Pianta Carnivora ci viene spostata. | I11: L'aggressore (24 contro Parata 17).
A12: 2 | B12: difensore | C12: 10 | D12: 20 | E12: 29 | F12: 2 | G12: =C12+D12/4+E12/4+3*(F12-2) | H12: Parata al tetto del livello. | I12: Solo l'aggressore (24 contro 20). Margine +4.
A13: 2 | B13: tank | C13: 8 | D13: 20 | E13: 56 | F13: 1 | G13: =C13+D13/4+E13/4+3*(F13-2) | H13: IL MURO del Livello 2. Un attacco, Vita 56. | I13: Lentamente, e solo con l'aggressore.
... A19: 3 | B19: tank | C19: 12 | D19: 26 | E19: 82 | F19: 1 | G19: =C19+D19/4+E19/4+3*(F19-2) | H19: IL MURO. Parata 26, Vita 82, UN attacco. Resiste ×4,0 di un aggressore. | I19: Cade in 5,8 turni contro l'aggressore. Vince il 39% dei duelli: non è un bersaglio inerte.
B21: I budget dei sei ruoli restano entro il 10-15% l'uno dall'altro, non esattamente uguali: è il prezzo per tenere i profili di ruolo netti. Oggi lo scarto è del 74% (aggressore 15,3 contro tank 8,8 al Livello 1). La verifica vera non è la formula ma la matrice degli scontri, che con questi profili sta fra il 23% e il 77%, senza nessuna casella a 0% o 100% e senza doppi KO.

Sheet Pedine
A1: Liv | B1: Nome | C1: Mazzo | D1: Ruolo oggi | E1: Ruolo nuovo | F1: Archetipo oggi | G1: Archetipo nuovo | H1: Att oggi | I1: Par oggi | J1: Vita oggi | K1: N oggi | L1: ATT | M1: PAR | N1: VITA | O1: N | P1: ΔAtt | Q1: ΔPar | R1: ΔVita | S1: Budget | T1: Perché questo cambio
A2: 1 | B2: Araldo Tempesta | C2: Frost Land | D2: aggressore | E2: aggressore | F2: Assalitore | G2: Assalitore | H2: 12 | I2: 2 | J2: 10 | K2: 2 | L2: 12 | M2: 1 | N2: 9 | O2: 2 | P2: +0 | Q2: -1 | R2: -1 | S2: =L2+M2/4+N2/4+3*(O2-2) | T2: Profilo aggressore: Attacco al tetto del livello, Parata al minimo. E' la carta che definisce il tetto di Parata (12-4=8).
A3: 1 | B3: Lupo Famelico | C3: Frost Land | D3: aggressore | E3: aggressore | F3: Assalitore | G3: Assalitore | H3: 12 | I3: 2 | J3: 10 | K3: 2 | L3: 12 | M3: 1 | N3: 9 | O3: 2 | P3: +0 | Q3: -1 | R3: -1 | S3: =L3+M3/4+N3/4+3*(O3-2) | T3: Come sopra. Ha gia' +4 Attacco condizionale stampato.
A4: 1 | B4: Ladro di Luce | C4: Marbion | D4: aggressore | E4: aggressore | F4: Assalitore | G4: Assalitore | H4: 12 | I4: 2 | J4: 10 | K4: 2 | L4: 11 | M4: 2 | N4: 11 | O4: 2 | P4: -1 | Q4: +0 | R4: +1 | S4: =L4+M4/4+N4/4+3*(O4-2) | T4: Attacco distanziato da 12 a 11 per non ammassare i valori (regola anti-pareggio-mortale).
A5: 1 | B5: Manipolatrice Rossa | C5: Marbion | D5: aggressore | E5: aggressore | F5: Tessitore | G5: Tessitore | H5: 12 | I5: 2 | J5: 11 | K5: 2 | L5: 11 | M5: 2 | N5: 11 | O5: 2 | P5: -1 | Q5: +0 | R5: +0 | S5: =L5+M5/4+N5/4+3*(O5-2) | T5: Idem. Il suo effetto (+2 Att per Manipolatrice) la fa gia' salire in campo.
A6: 1 | B6: Manipolatrice Nera | C6: Marbion | D6: aggressore | E6: aggressore | F6: Tessitore | G6: Tessitore | H6: 12 | I6: 2 | J6: 11 | K6: 2 | L6: 10 | M6: 2 | N6: 13 | O6: 2 | P6: -2 | Q6: +0 | R6: +2 | S6: =L6+M6/4+N6/4+3*(O6-2) | T6: Attacco distanziato. Torna in campo alla morte: piu' Vita, meno picco.
A7: 1 | B7: Manipolatrice Verde | C7: Marbion | D7: aggressore | E7: aggressore | F7: Tessitore | G7: Tessitore | H7: 12 | I7: 2 | J7: 11 | K7: 2 | L7: 10 | M7: 1 | N7: 14 | O7: 2 | P7: -2 | Q7: -1 | R7: +3 | S7: =L7+M7/4+N7/4+3*(O7-2) | T7: Ha +3 Attacco stampato: la base scende a 10 cosi' l'effettivo resta 13.
A8: 1 | B8: Lince Petalosa | C8: Marbion | D8: aggressore | E8: aggressore | F8: Assalitore | G8: Assalitore | H8: 11 | I8: 3 | J8: 14 | K8: 2 | L8: 9 | M8: 3 | N8: 15 | O8: 2 | P8: -2 | Q8: +0 | R8: +1 | S8: =L8+M8/4+N8/4+3*(O8-2) | T8: Coda bassa della forbice aggressori: meno picco, piu' resistenza.
A9: 1 | B9: La Base Alimentare | C9: Frost Land | D9: evasivo | E9: evasivo | F9: Effimeri | G9: Effimeri | H9: 10 | I9: 4 | J9: 11 | K9: 2 | L9: 8 | M9: 3 | N9: 7 | O9: 3 | P9: -2 | Q9: -1 | R9: -4 | S9: =L9+M9/4+N9/4+3*(O9-2) | T9: Si auto-evoca in coppia: statistiche da sciame, non da singolo.
A10: 1 | B10: Lucertola Schiva | C10: Marbion | D10: evasivo | E10: evasivo | F10: Effimeri | G10: Effimeri | H10: 10 | I10: 2 | J10: 9 | K10: 2 | L10: 8 | M10: 2 | N10: 6 | O10: 3 | P10: -2 | Q10: +0 | R10: -3 | S10: =L10+M10/4+N10/4+3*(O10-2) | T10: Attacco distanziato verso l'alto, Vita al minimo: la piu' aggressiva fra gli evasivi.
A11: 1 | B11: Draghetto Arcobaleno | C11: Marbion | D11: evasivo | E11: evasivo | F11: Effimeri | G11: Effimeri | H11: 8 | I11: 3 | J11: 9 | K11: 2 | L11: 7 | M11: 3 | N11: 8 | O11: 3 | P11: -1 | Q11: +0 | R11: -1 | S11: =L11+M11/4+N11/4+3*(O11-2) | T11: Profilo evasivo standard.
A12: 1 | B12: Draghetto Arcobaleno (2a stampa) | C12: Marbion | D12: evasivo | E12: evasivo | F12: Effimeri | G12: Effimeri | H12: 8 | I12: 3 | J12: 9 | K12: 2 | L12: 7 | M12: 3 | N12: 8 | O12: 3 | P12: -1 | Q12: +0 | R12: -1 | S12: =L12+M12/4+N12/4+3*(O12-2) | T12: Identica alla prima stampa.
A13: 1 | B13: Esploratore Gallerie | C13: Frost Land | D13: evasivo | E13: evasivo | F13: Effimeri | G13: Effimeri | H13: 10 | I13: 2 | J13: 9 | K13: 2 | L13: 7 | M13: 2 | N13: 7 | O13: 3 | P13: -3 | Q13: +0 | R13: -2 | S13: =L13+M13/4+N13/4+3*(O13-2) | T13: Come sopra.
... A64: 3 | B64: Potere Divino (2a copia) | C64: Marbion | D64: tank | E64: tank | F64: Colosso | G64: Colosso | H64: 24 | I64: 30 | J64: 45 | K64: 2 | L64: 12 | M64: 26 | N64: 82 | O64: 1 | P64: -12 | Q64: -4 | R64: +37 | S64: =L64+M64/4+N64/4+3*(O64-2) | T64: Identica alla prima copia.
B66: Le colonne ATT / PAR / VITA / N in grassetto sono quelle da riportare negli Excel dei mazzi. Le celle verdi in «Ruolo nuovo» e «Archetipo nuovo» segnalano un cambio di classificazione, non solo di numeri.

Sheet Controlli
B1: CONTROLLI AUTOMATICI
B2: Tutte le formule leggono dal foglio Pedine. Cambia un numero là e questi valori si aggiornano da soli: se un esito diventa diverso da OK, hai rotto un criterio.
B4: CONTROLLO | C4: SOGLIA | D4: Liv 1 | E4: Liv 2 | F4: Liv 3 | G4: ESITO
B5: C1 · Budget medio del livello | C5: 12 / 24 / 36 | D5: =ROUND(SUMIF(Pedine!$A$2:$A$64,1,Pedine!$S$2:$S$64)/COUNTIF(Pedine!$A$2:$A$64,1),1) | E5: =ROUND(SUMIF(Pedine!$A$2:$A$64,2,Pedine!$S$2:$S$64)/COUNTIF(Pedine!$A$2:$A$64,2),1) | F5: =ROUND(SUMIF(Pedine!$A$2:$A$64,3,Pedine!$S$2:$S$64)/COUNTIF(Pedine!$A$2:$A$64,3),1) | G5: =IF(AND(ABS(D5-12)<=2,ABS(E5-24)<=3,ABS(F5-36)<=4),"OK","FUORI SOGLIA")
B6: C1 · Scarto fra budget massimo e minimo (%) | C6: <= 25 | D6: =ROUND(100*(SUMPRODUCT(MAX((Pedine!$A$2:$A$64=1)*Pedine!$S$2:$S$64))+SUMPRODUCT(MAX((Pedine!$A$2:$A$64=1)*(-Pedine!$S$2:$S$64))))/(SUMIF(Pedine!$A$2:$A$64,1,Pedine!$S$2:$S$64)/COUNTIF(Pedine!$A$2:$A$64,1)),0) | E6: =ROUND(100*(SUMPRODUCT(MAX((Pedine!$A$2:$A$64=2)*Pedine!$S$2:$S$64))+SUMPRODUCT(MAX((Pedine!$A$2:$A$64=2)*(-Pedine!$S$2:$S$64))))/(SUMIF(Pedine!$A$2:$A$64,2,Pedine!$S$2:$S$64)/COUNTIF(Pedine!$A$2:$A$64,2)),0) | F6: =ROUND(100*(SUMPRODUCT(MAX((Pedine!$A$2:$A$64=3)*Pedine!$S$2:$S$64))+SUMPRODUCT(MAX((Pedine!$A$2:$A$64=3)*(-Pedine!$S$2:$S$64))))/(SUMIF(Pedine!$A$2:$A$64,3,Pedine!$S$2:$S$64)/COUNTIF(Pedine!$A$2:$A$64,3)),0) | G6: =IF(MAX(D6:F6)<=25,"OK","SCARTO ALTO")
B7: C2 · Attacco massimo dell aggressore | C7: informativo | D7: =SUMPRODUCT(MAX((Pedine!$A$2:$A$64=1)*(Pedine!$E$2:$E$64="aggressore")*Pedine!$L$2:$L$64)) | E7: =SUMPRODUCT(MAX((Pedine!$A$2:$A$64=2)*(Pedine!$E$2:$E$64="aggressore")*Pedine!$L$2:$L$64)) | F7: =SUMPRODUCT(MAX((Pedine!$A$2:$A$64=3)*(Pedine!$E$2:$E$64="aggressore")*Pedine!$L$2:$L$64)) | G7: ="—"
B8: C2 · Parata massima del livello | C8: informativo | D8: =SUMPRODUCT(MAX((Pedine!$A$2:$A$64=1)*Pedine!$M$2:$M$64)) | E8: =SUMPRODUCT(MAX((Pedine!$A$2:$A$64=2)*Pedine!$M$2:$M$64)) | F8: =SUMPRODUCT(MAX((Pedine!$A$2:$A$64=3)*Pedine!$M$2:$M$64)) | G8: ="—"
B9: C2 · MARGINE DI PENETRAZIONE | C9: >= +4 | D9: =SUMPRODUCT(MAX((Pedine!$A$2:$A$64=1)*(Pedine!$E$2:$E$64="aggressore")*Pedine!$L$2:$L$64))-SUMPRODUCT(MAX((Pedine!$A$2:$A$64=1)*Pedine!$M$2:$M$64)) | E9: =SUMPRODUCT(MAX((Pedine!$A$2:$A$64=2)*(Pedine!$E$2:$E$64="aggressore")*Pedine!$L$2:$L$64))-SUMPRODUCT(MAX((Pedine!$A$2:$A$64=2)*Pedine!$M$2:$M$64)) | F9: =SUMPRODUCT(MAX((Pedine!$A$2:$A$64=3)*(Pedine!$E$2:$E$64="aggressore")*Pedine!$L$2:$L$64))-SUMPRODUCT(MAX((Pedine!$A$2:$A$64=3)*Pedine!$M$2:$M$64)) | G9: =IF(MIN(D9:F9)>=4,"OK","ROTTO")
B10: C3 · Tank che hanno 1 solo attacco | C10: tutti | D10: =SUMPRODUCT((Pedine!$A$2:$A$64=1)*(Pedine!$E$2:$E$64="tank")*(Pedine!$O$2:$O$64=1)) | E10: =SUMPRODUCT((Pedine!$A$2:$A$64=2)*(Pedine!$E$2:$E$64="tank")*(Pedine!$O$2:$O$64=1)) | F10: =SUMPRODUCT((Pedine!$A$2:$A$64=3)*(Pedine!$E$2:$E$64="tank")*(Pedine!$O$2:$O$64=1)) | G10: =IF(SUM(D10:F10)=SUMPRODUCT((Pedine!$E$2:$E$64="tank")*1),"OK","CONTROLLA")
B11: C3 · Evasivi che hanno 3 attacchi | C11: tutti | D11: =SUMPRODUCT((Pedine!$A$2:$A$64=1)*(Pedine!$E$2:$E$64="evasivo")*(Pedine!$O$2:$O$64=3)) | E11: =SUMPRODUCT((Pedine!$A$2:$A$64=2)*(Pedine!$E$2:$E$64="evasivo")*(Pedine!$O$2:$O$64=3)) | F11: =SUMPRODUCT((Pedine!$A$2:$A$64=3)*(Pedine!$E$2:$E$64="evasivo")*(Pedine!$O$2:$O$64=3)) | G11: =IF(SUM(D11:F11)=SUMPRODUCT((Pedine!$E$2:$E$64="evasivo")*1),"OK","CONTROLLA")
B12: C5 · Carte con un Attacco ripetuto piu di 2 volte | C12: 0 ai livelli 2-3 | D12: =SUMPRODUCT((Pedine!$A$2:$A$64=1)*(COUNTIFS(Pedine!$A$2:$A$64,1,Pedine!$L$2:$L$64,Pedine!$L$2:$L$64)>2)) | E12: =SUMPRODUCT((Pedine!$A$2:$A$64=2)*(COUNTIFS(Pedine!$A$2:$A$64,2,Pedine!$L$2:$L$64,Pedine!$L$2:$L$64)>2)) | F12: =SUMPRODUCT((Pedine!$A$2:$A$64=3)*(COUNTIFS(Pedine!$A$2:$A$64,3,Pedine!$L$2:$L$64,Pedine!$L$2:$L$64)>2)) | G12: =IF(SUM(E12:F12)=0,"OK ai livelli 2 e 3","CONTROLLA")
B13: C6 · Quota dell archetipo piu diffuso (%) | C13: <= 45 | D13: =ROUND(100*MAX(COUNTIFS(Pedine!$A$2:$A$64,1,Pedine!$G$2:$G$64,"Viandante"),COUNTIFS(Pedine!$A$2:$A$64,1,Pedine!$G$2:$G$64,"Assalitore"),COUNTIFS(Pedine!$A$2:$A$64,1,Pedine!$G$2:$G$64,"Effimeri"),COUNTIFS(Pedine!$A$2:$A$64,1,Pedine!$G$2:$G$64,"Colosso"),COUNTIFS(Pedine!$A$2:$A$64,1,Pedine!$G$2:$G$64,"Tessitore"))/COUNTIF(Pedine!$A$2:$A$64,1),0) | E13: =ROUND(100*MAX(COUNTIFS(Pedine!$A$2:$A$64,2,Pedine!$G$2:$G$64,"Viandante"),COUNTIFS(Pedine!$A$2:$A$64,2,Pedine!$G$2:$G$64,"Assalitore"),COUNTIFS(Pedine!$A$2:$A$64,2,Pedine!$G$2:$G$64,"Effimeri"),COUNTIFS(Pedine!$A$2:$A$64,2,Pedine!$G$2:$G$64,"Colosso"),COUNTIFS(Pedine!$A$2:$A$64,2,Pedine!$G$2:$G$64,"Tessitore"))/COUNTIF(Pedine!$A$2:$A$64,2),0) | F13: =ROUND(100*MAX(COUNTIFS(Pedine!$A$2:$A$64,3,Pedine!$G$2:$G$64,"Viandante"),COUNTIFS(Pedine!$A$2:$A$64,3,Pedine!$G$2:$G$64,"Assalitore"),COUNTIFS(Pedine!$A$2:$A$64,3,Pedine!$G$2:$G$64,"Effimeri"),COUNTIFS(Pedine!$A$2:$A$64,3,Pedine!$G$2:$G$64,"Colosso"),COUNTIFS(Pedine!$A$2:$A$64,3,Pedine!$G$2:$G$64,"Tessitore"))/COUNTIF(Pedine!$A$2:$A$64,3),0) | G13: =IF(MAX(D13:F13)<=45,"OK","CONCENTRATO")
B14: C6 · Archetipi diversi presenti nel livello | C14: 5 su 5 | D14: =(COUNTIFS(Pedine!$A$2:$A$64,1,Pedine!$G$2:$G$64,"Viandante")>0)+(COUNTIFS(Pedine!$A$2:$A$64,1,Pedine!$G$2:$G$64,"Assalitore")>0)+(COUNTIFS(Pedine!$A$2:$A$64,1,Pedine!$G$2:$G$64,"Effimeri")>0)+(COUNTIFS(Pedine!$A$2:$A$64,1,Pedine!$G$2:$G$64,"Colosso")>0)+(COUNTIFS(Pedine!$A$2:$A$64,1,Pedine!$G$2:$G$64,"Tessitore")>0) | E14: =(COUNTIFS(Pedine!$A$2:$A$64,2,Pedine!$G$2:$G$64,"Viandante")>0)+(COUNTIFS(Pedine!$A$2:$A$64,2,Pedine!$G$2:$G$64,"Assalitore")>0)+(COUNTIFS(Pedine!$A$2:$A$64,2,Pedine!$G$2:$G$64,"Effimeri")>0)+(COUNTIFS(Pedine!$A$2:$A$64,2,Pedine!$G$2:$G$64,"Colosso")>0)+(COUNTIFS(Pedine!$A$2:$A$64,2,Pedine!$G$2:$G$64,"Tessitore")>0) | F14: =(COUNTIFS(Pedine!$A$2:$A$64,3,Pedine!$G$2:$G$64,"Viandante")>0)+(COUNTIFS(Pedine!$A$2:$A$64,3,Pedine!$G$2:$G$64,"Assalitore")>0)+(COUNTIFS(Pedine!$A$2:$A$64,3,Pedine!$G$2:$G$64,"Effimeri")>0)+(COUNTIFS(Pedine!$A$2:$A$64,3,Pedine!$G$2:$G$64,"Colosso")>0)+(COUNTIFS(Pedine!$A$2:$A$64,3,Pedine!$G$2:$G$64,"Tessitore")>0) | G14: =IF(MIN(D14:F14)=5,"OK","MANCANO")
B15: Ruoli diversi presenti nel livello | C15: 6 su 6 | D15: =(COUNTIFS(Pedine!$A$2:$A$64,1,Pedine!$E$2:$E$64,"aggressore")>0)+(COUNTIFS(Pedine!$A$2:$A$64,1,Pedine!$E$2:$E$64,"evasivo")>0)+(COUNTIFS(Pedine!$A$2:$A$64,1,Pedine!$E$2:$E$64,"bilanciato")>0)+(COUNTIFS(Pedine!$A$2:$A$64,1,Pedine!$E$2:$E$64,"supporto")>0)+(COUNTIFS(Pedine!$A$2:$A$64,1,Pedine!$E$2:$E$64,"difensore")>0)+(COUNTIFS(Pedine!$A$2:$A$64,1,Pedine!$E$2:$E$64,"tank")>0) | E15: =(COUNTIFS(Pedine!$A$2:$A$64,2,Pedine!$E$2:$E$64,"aggressore")>0)+(COUNTIFS(Pedine!$A$2:$A$64,2,Pedine!$E$2:$E$64,"evasivo")>0)+(COUNTIFS(Pedine!$A$2:$A$64,2,Pedine!$E$2:$E$64,"bilanciato")>0)+(COUNTIFS(Pedine!$A$2:$A$64,2,Pedine!$E$2:$E$64,"supporto")>0)+(COUNTIFS(Pedine!$A$2:$A$64,2,Pedine!$E$2:$E$64,"difensore")>0)+(COUNTIFS(Pedine!$A$2:$A$64,2,Pedine!$E$2:$E$64,"tank")>0) | F15: =(COUNTIFS(Pedine!$A$2:$A$64,3,Pedine!$E$2:$E$64,"aggressore")>0)+(COUNTIFS(Pedine!$A$2:$A$64,3,Pedine!$E$2:$E$64,"evasivo")>0)+(COUNTIFS(Pedine!$A$2:$A$64,3,Pedine!$E$2:$E$64,"bilanciato")>0)+(COUNTIFS(Pedine!$A$2:$A$64,3,Pedine!$E$2:$E$64,"supporto")>0)+(COUNTIFS(Pedine!$A$2:$A$64,3,Pedine!$E$2:$E$64,"difensore")>0)+(COUNTIFS(Pedine!$A$2:$A$64,3,Pedine!$E$2:$E$64,"tank")>0) | G15: =IF(MIN(D15:F15)=6,"OK","manca un ruolo")
B17: Nota su C5 al Livello 1: 36 carte in una banda di Attacco da 3 a 12 non possono avere valori tutti distanziati. È un limite strutturale, non un errore di compilazione — vedi la nota sul pareggio mortale nel foglio Modello.
B19: CONTEGGIO RUOLI PER LIVELLO
B20: Ruolo | D20: Liv 1 | E20: Liv 2 | F20: Liv 3
B21: aggressore | D21: =COUNTIFS(Pedine!$A$2:$A$64,1,Pedine!$E$2:$E$64,"aggressore") | E21: =COUNTIFS(Pedine!$A$2:$A$64,2,Pedine!$E$2:$E$64,"aggressore") | F21: =COUNTIFS(Pedine!$A$2:$A$64,3,Pedine!$E$2:$E$64,"aggressore")
B22: evasivo | D22: =COUNTIFS(Pedine!$A$2:$A$64,1,Pedine!$E$2:$E$64,"evasivo") | E22: =COUNTIFS(Pedine!$A$2:$A$64,2,Pedine!$E$2:$E$64,"evasivo") | F22: =COUNTIFS(Pedine!$A$2:$A$64,3,Pedine!$E$2:$E$64,"evasivo")
B23: bilanciato | D23: =COUNTIFS(Pedine!$A$2:$A$64,1,Pedine!$E$2:$E$64,"bilanciato") | E23: =COUNTIFS(Pedine!$A$2:$A$64,2,Pedine!$E$2:$E$64,"bilanciato") | F23: =COUNTIFS(Pedine!$A$2:$A$64,3,Pedine!$E$2:$E$64,"bilanciato")
B24: supporto | D24: =COUNTIFS(Pedine!$A$2:$A$64,1,Pedine!$E$2:$E$64,"supporto") | E24: =COUNTIFS(Pedine!$A$2:$A$64,2,Pedine!$E$2:$E$64,"supporto") | F24: =COUNTIFS(Pedine!$A$2:$A$64,3,Pedine!$E$2:$E$64,"supporto")
B25: difensore | D25: =COUNTIFS(Pedine!$A$2:$A$64,1,Pedine!$E$2:$E$64,"difensore") | E25: =COUNTIFS(Pedine!$A$2:$A$64,2,Pedine!$E$2:$E$64,"difensore") | F25: =COUNTIFS(Pedine!$A$2:$A$64,3,Pedine!$E$2:$E$64,"difensore")
B26: tank | D26: =COUNTIFS(Pedine!$A$2:$A$64,1,Pedine!$E$2:$E$64,"tank") | E26: =COUNTIFS(Pedine!$A$2:$A$64,2,Pedine!$E$2:$E$64,"tank") | F26: =COUNTIFS(Pedine!$A$2:$A$64,3,Pedine!$E$2:$E$64,"tank")
B28: CONTEGGIO ARCHETIPI PER LIVELLO
B29: Archetipo | C29: Facce del dado | D29: Liv 1 | E29: Liv 2 | F29: Liv 3
B30: Viandante | C30: S2 U2 C2 D2 | D30: =COUNTIFS(Pedine!$A$2:$A$64,1,Pedine!$G$2:$G$64,"Viandante") | E30: =COUNTIFS(Pedine!$A$2:$A$64,2,Pedine!$G$2:$G$64,"Viandante") | F30: =COUNTIFS(Pedine!$A$2:$A$64,3,Pedine!$G$2:$G$64,"Viandante")
B31: Assalitore | C31: S4 U1 C2 D1 | D31: =COUNTIFS(Pedine!$A$2:$A$64,1,Pedine!$G$2:$G$64,"Assalitore") | E31: =COUNTIFS(Pedine!$A$2:$A$64,2,Pedine!$G$2:$G$64,"Assalitore") | F31: =COUNTIFS(Pedine!$A$2:$A$64,3,Pedine!$G$2:$G$64,"Assalitore")
B32: Effimeri | C32: S2 U1 C2 D3 | D32: =COUNTIFS(Pedine!$A$2:$A$64,1,Pedine!$G$2:$G$64,"Effimeri") | E32: =COUNTIFS(Pedine!$A$2:$A$64,2,Pedine!$G$2:$G$64,"Effimeri") | F32: =COUNTIFS(Pedine!$A$2:$A$64,3,Pedine!$G$2:$G$64,"Effimeri")
B33: Colosso | C33: S1 U3 C1 D3 | D33: =COUNTIFS(Pedine!$A$2:$A$64,1,Pedine!$G$2:$G$64,"Colosso") | E33: =COUNTIFS(Pedine!$A$2:$A$64,2,Pedine!$G$2:$G$64,"Colosso") | F33: =COUNTIFS(Pedine!$A$2:$A$64,3,Pedine!$G$2:$G$64,"Colosso")
B34: Tessitore | C34: S3 U1 C2 D2 | D34: =COUNTIFS(Pedine!$A$2:$A$64,1,Pedine!$G$2:$G$64,"Tessitore") | E34: =COUNTIFS(Pedine!$A$2:$A$64,2,Pedine!$G$2:$G$64,"Tessitore") | F34: =COUNTIFS(Pedine!$A$2:$A$64,3,Pedine!$G$2:$G$64,"Tessitore")

Sheet Alternative
B1: LE OTTO STRADE VALUTATE
B2: Ogni riga è stata simulata prima di essere scartata o adottata. I numeri nella terza colonna sono misurati, non stimati.
B4: STRADA | C4: IN COSA CONSISTE | D4: COSA HA DATO | E4: ESITO | F4: PERCHÉ
B5: Abbassare la Parata del Livello 3 | C5: Portare la Parata L3 da 22-30 a 12-17 per riportare il rapporto Attacco/Parata a circa 1,5. | D5: TTK 4,00 → 2,20 · stalli 27% → 7% · contraccolpo azzerato | E5: SCARTATA | F5: Distrugge i muri, che hai chiesto esplicitamente di tenere. E i dati ti danno ragione: la Parata alta non è la causa, è il sintomo.
B6: Curva A — rapporti fissi, crescita ×1,7 | C6: Attacco ≈ 1,5 × Parata e Vita ≈ 1,4 × Attacco a ogni livello; tutto cresce di ×1,7 per livello. | D6: Ritmo OK (1-2 turni) · economia 3×L1 contro 1×L3 solo 8% | E6: SCARTATA | F6: Sistema il ritmo ma non l'economia: l'Attacco di Livello 1 resta troppo sotto la Parata di Livello 3, quindi i piccoli restano carburante.
B7: Curva C — la Parata come scala continua | C7: Tenere la Parata sotto metà dell'Attacco, così il pavimento ⌈A/2⌉ quasi non scatta e ogni punto di Parata conta davvero. | D7: Tiri a vuoto 43% · Cuore 51% — i migliori numeri di texture di tutte le prove | E7: SCARTATA | F7: Per far funzionare la scala la Parata deve scendere così tanto che il muro sparisce. Contro il vincolo.
B8: Curva D — la Parata non scala col livello | C8: Banda comune 2-14 a tutti i livelli: crescono solo Attacco e Vita. | D8: Economia 2×L1 contro 1×L2 = 50% · ma 3×L1 contro 1×L3 solo 32% | E8: SCARTATA | F8: I muri di Livello 3 diventano indistinguibili da quelli di Livello 1: il livello smette di significare qualcosa sul piano difensivo.
B9: Dare 2 attacchi al muro | C9: Correggere il muro alzandogli gli attacchi invece dell'Attacco, per renderlo meno inerte. | D9: Il muro passa dall'11% al 78% di vittorie nei duelli | E9: SCARTATA | F9: Non corregge il muro: lo trasforma in un boss. È provando questo che ho ricavato il criterio C3.
B10: Alzare il prezzo in tributi del Livello 3 | C10: Portare il costo da 3 a 4-5 tributi per pareggiare la potenza reale misurata. | D10: Con 5 tributi l'economia arriva al 54% | E10: SCARTATA | F10: Funziona, ma cambia una regola del gioco fisico e rende il Livello 3 quasi ingiocabile (4-5 sacrifici). Ridurre il budget ottiene lo stesso risultato senza toccare le regole.
B11: Colpo di striscio ⌈Attacco/4⌉ | C11: Chi non supera la statistica del difensore porta comunque a casa ⌈Attacco/4⌉, e il contraccolpo sparisce. | D11: Tiri a vuoto 71% → 29% · Cuore 74% → 59% | E11: ADOTTATA | F11: È l'unica leva che tocca il motore, e tocca una funzione sola (danneggiaSimmetrico in combattimento.js). Senza di essa il modello si ferma a 3 cancelli su 5.
B12: Riallocazione per ruolo + budget = prezzo | C12: I sei criteri di questo file: quote di ruolo del Livello 1 a tutti i livelli, tetto di Parata, budget 12/24/36, dado coerente col ruolo. | D12: Margine −4 → +4 · economia 1% → 51% · Ruota 100% → 74% di neutri | E12: ADOTTATA | F12: Non tocca una riga di codice: sono colonne degli Excel. Da sola porta il modello a 3 cancelli su 5.
B14: RESTA APERTO — la Ruota degli Archetipi (il diritto di ripetizione) non è modellata in nessuna di queste simulazioni. È l'unica leva rimasta che può trasformare l'attuale ordine di dominanza fra i ruoli in una vera morra cinese: oggi, nel modello, il Difensore batte tutti e l'Aggressore perde quasi con tutti nell'uno-contro-uno, con una forbice fra il 23% e il 77%.
